chrom1,start1,stop1,chrom2,start2,stop2,variant_name,score,strand1,strand2,variant_type,split
1,168186489,168186572,1,182274072,182274331,540,-1,+,+,INV,15
1,168186186,168186189,1,182274249,182274571,541,-1,-,-,INV,27
1,152555137,152555830,1,152587256,152588236,671,-1,+,-,DEL,34
1,17051550,17052034,1,234912184,234912369,719,-1,-,-,INV,31
1,86005696,86005762,1,146485938,146486329,753,-1,+,-,DEL,21
1,112691520,112691800,1,112704697,112704998,772,-1,+,-,DEL,31
1,17007222,17007339,1,145382657,145382661,938,-1,-,+,DUP,15
1,72766337,72766442,1,72811424,72811840,996,-1,+,-,DEL,18
1,55055780,55055802,1,56060789,56061031,1081,-1,+,-,DEL,13
1,9887306,9887501,1,40494608,40495016,1238,-1,+,-,DEL,24
2,146862611,146862851,2,146876674,146877122,1965,-1,+,-,DEL,16
3,192536775,192537059,3,193003228,193003702,2871,-1,+,+,INV,25
3,191703313,191703503,3,192535980,192536235,2876,-1,-,-,INV,21
3,187318471,187318488,3,192537553,192537622,2904,-1,-,-,INV,13
3,188604037,188604276,3,190967155,190967546,2905,-1,-,+,DUP,20
3,187053287,187053388,3,192273123,192273283,2907,-1,-,+,DUP,22
3,187053847,187053890,3,191590522,191590911,2912,-1,+,+,INV,21
3,180819657,180819663,3,191797970,191797982,2939,-1,+,-,DEL,15
3,180819657,180819661,3,191797631,191797660,2940,-1,+,+,INV,15
3,183856572,183856771,3,187733037,187733114,2945,-1,+,+,INV,12
3,183303294,183303325,3,187051850,187052008,2947,-1,-,+,DUP,13
3,180457845,180457889,3,184376858,184376956,2985,-1,-,-,INV,11
3,158184571,158184754,3,190426483,190426487,3032,-1,-,+,DUP,24
3,173239137,173239271,3,173290862,173291383,3035,-1,-,+,DUP,38
3,162525760,162526034,3,162547647,162548247,3097,-1,+,+,INV,35
3,142206656,142206815,3,177995784,177996724,3112,-1,+,-,DEL,20
3,138976347,138976525,3,141368458,141368642,3214,-1,-,+,DUP,32
3,36564261,36564324,3,190544840,190544925,3306,-1,+,-,DEL,27
3,99111427,99111739,3,99150578,99151053,3353,-1,+,-,DEL,32
3,97874405,97875115,3,97930788,97931203,3363,-1,+,-,DEL,12
3,38361814,38361885,3,151629414,151629797,3378,-1,-,+,DUP,21
3,37948416,37948492,3,151639716,151639856,3379,-1,-,+,DUP,72
3,25161170,25161994,3,156816954,156817503,3385,-1,+,+,INV,20
3,14309082,14309172,3,165502724,165502777,3386,-1,+,+,INV,22
3,8043415,8043432,3,169055665,169055851,3388,-1,+,-,DEL,55
3,16213927,16214287,3,152145642,152145865,3400,-1,+,-,DEL,32
3,13567035,13567156,3,140850282,140850308,3433,-1,+,+,INV,11
3,65188859,65188883,3,65214655,65215054,3473,-1,+,-,DEL,41
3,37979349,37979580,3,38361738,38362079,3577,-1,-,+,DUP,13
3,37960103,37960568,3,38362610,38362718,3578,-1,+,+,INV,19
3,16012348,16012789,3,39602924,39603227,3639,-1,+,+,INV,54
3,26411046,26411467,3,27200192,27200498,3641,-1,+,-,DEL,15
3,15998934,15999281,3,36719198,36719624,3643,-1,-,-,INV,50
3,4363301,4363511,3,37183295,37183456,3670,-1,-,+,DUP,46
3,16388198,16388249,3,18874271,18874328,3685,-1,-,-,INV,27
3,16007315,16007678,3,17182371,17182395,3695,-1,-,+,DUP,52
3,16007230,16007550,3,16856687,16856748,3696,-1,+,-,DEL,45
3,3852673,3852743,3,26060528,26060890,3700,-1,+,-,DEL,19
3,13021985,13022237,3,16012273,16012606,3701,-1,-,-,INV,25
4,190585800,190585856,4,190612946,190613313,3854,-1,+,+,INV,58
4,190585799,190585924,4,190613081,190613321,3855,-1,-,-,INV,51
4,170632504,170632539,4,170768212,170768521,4019,-1,+,-,DEL,13
4,104203390,104203622,4,105923460,105923511,4294,-1,+,-,DEL,24
4,64695837,64696282,4,64714248,64714747,4484,-1,+,-,DEL,13
4,40360309,40360404,4,40408967,40409122,4586,-1,+,-,DEL,14
4,20218663,20219130,4,20238365,20238707,4643,-1,+,-,DEL,13
5,157736148,157736461,5,158712480,158712495,4938,-1,+,-,DEL,13
5,157704612,157704796,5,158440530,158440551,4939,-1,+,-,DEL,14
5,157891735,157892115,5,158229981,158230185,4940,-1,-,-,INV,17
5,157758156,157758352,5,158295152,158295165,4941,-1,-,-,INV,20
5,157701581,157701691,5,158241042,158241050,4942,-1,-,+,DUP,12
5,157843802,157843895,5,157895826,157895991,4943,-1,+,+,INV,19
5,154484283,154484518,5,158308417,158308731,4950,-1,+,+,INV,16
5,154473342,154473461,5,157844042,157844229,4951,-1,-,-,INV,17
5,154325248,154325257,5,157745559,157746046,4952,-1,-,-,INV,20
5,154740796,154740861,5,154759825,154759865,4959,-1,+,+,INV,20
5,154481354,154481386,5,154759827,154759922,4961,-1,+,-,DEL,14
5,147938305,147938629,5,157897089,157897118,4971,-1,-,+,DUP,10
5,147868244,147868504,5,157896194,157896243,4972,-1,+,-,DEL,15
5,142223691,142224050,5,163296221,163296488,4973,-1,+,-,DEL,12
5,148134922,148135210,5,154722770,154723340,4980,-1,+,-,DEL,22
5,148007940,148008449,5,154748417,154748743,4981,-1,+,-,DEL,11
5,147823053,147823650,5,154739856,154739906,4983,-1,+,-,DEL,14
5,147787148,147787252,5,154760494,154760518,4985,-1,-,+,DUP,16
5,147824481,147824617,5,154483382,154483424,4986,-1,-,-,INV,14
5,140222135,140222148,5,140238905,140239683,5029,-1,+,-,DEL,60
5,34304967,34305088,5,169376692,169376693,5139,-1,-,+,DUP,11
5,21522775,21523212,5,29423924,29424695,5431,-1,-,-,INV,26
5,14441464,14441493,5,15603579,15603774,5492,-1,+,-,DEL,19
6,35754507,35754727,6,35766786,35766793,6498,-1,-,+,DUP,22
6,32454684,32454687,6,32540473,32540986,6543,-1,+,-,DEL,10
6,30912503,30912623,6,32390526,32390985,6549,-1,+,-,DEL,23
6,27785542,27785582,6,34262557,34262584,6559,-1,+,+,INV,18
6,27623532,27623666,6,27714361,27714840,6599,-1,+,-,DEL,14
6,26025965,26025973,6,26301399,26301450,6613,-1,+,-,DEL,11
6,3634589,3634912,6,14361278,14361284,6744,-1,+,+,INV,32
6,8270110,8270115,6,8775378,8775454,6749,-1,+,-,DEL,29
6,2028941,2029235,6,14388627,14388826,6753,-1,+,-,DEL,49
6,7770074,7770388,6,8440215,8440553,6754,-1,-,+,DUP,33
6,7596537,7596901,6,8268970,8269016,6756,-1,-,-,INV,31
6,7549974,7549979,6,8238401,8238602,6757,-1,+,+,INV,31
6,7608641,7608923,6,7653549,7653568,6760,-1,+,+,INV,40
6,6708984,6709311,6,8439273,8439531,6762,-1,-,-,INV,37
6,7470210,7470246,6,7608478,7609092,6764,-1,-,-,INV,40
6,1620963,1621304,6,3631557,3631626,6795,-1,+,-,DEL,28
6,1518607,1518757,6,1837153,1837283,6811,-1,-,-,INV,38
7,117142702,117142887,7,131653725,131653901,7324,-1,-,+,DUP,16
7,117142813,117143169,7,131651804,131652031,7325,-1,-,+,DUP,83
7,117034320,117034564,7,129148982,129149162,7349,-1,+,-,DEL,75
7,117034096,117034563,7,129146850,129147175,7350,-1,+,-,DEL,18
7,114049338,114049426,7,114653228,114653690,7503,-1,+,+,INV,51
7,114104971,114105574,7,114181899,114182604,7511,-1,+,-,DEL,29
7,109436689,109436985,7,109453743,109453988,7589,-1,+,-,DEL,59
7,100546027,100546483,7,100616333,100616370,7681,-1,-,-,INV,16
7,76144769,76144776,7,76675747,76676041,7847,-1,+,-,DEL,19
7,70426126,70426333,7,70438834,70438886,7882,-1,-,-,INV,51
7,70420966,70421126,7,70438593,70438947,7883,-1,+,+,INV,60
7,56564505,56564708,7,63634698,63634721,7950,-1,+,-,DEL,15
7,56564529,56564714,7,57477851,57477901,7958,-1,+,-,DEL,15
7,52729862,52730164,7,52745328,52746141,7991,-1,-,+,DUP,82
8,130119721,130119774,8,141912611,141913105,8734,-1,-,+,DUP,15
8,133446150,133446358,8,137124647,137124706,8738,-1,-,+,DUP,21
8,133400025,133400036,8,137056468,137056655,8740,-1,+,-,DEL,32
8,133394587,133394591,8,133493354,133493365,8754,-1,+,+,INV,21
8,132768223,132768387,8,133217643,133218118,8756,-1,-,+,DUP,15
8,125647740,125647844,8,140263987,140264206,8758,-1,+,-,DEL,12
8,128937677,128937922,8,132211983,132212313,8774,-1,+,+,INV,11
8,128930949,128930951,8,132193643,132193672,8775,-1,+,-,DEL,11
8,128880460,128880627,8,128894829,128895136,8881,-1,+,-,DEL,40
8,128763122,128763444,8,128808266,128808755,8918,-1,+,-,DEL,360
8,122618386,122618540,8,132338591,132338998,9233,-1,+,-,DEL,58
8,123843324,123843649,8,127862109,127862212,9277,-1,-,+,DUP,12
8,122604170,122604574,8,128551537,128551930,9316,-1,+,+,INV,20
8,122968277,122968480,8,126645671,126645706,9379,-1,+,-,DEL,22
8,124083028,124083588,8,124301451,124301713,9636,-1,-,-,INV,23
8,122734963,122735463,8,124420768,124420793,9940,-1,+,-,DEL,28
8,121326323,121326450,8,125648651,125648997,10006,-1,+,+,INV,10
8,121327523,121327777,8,125646175,125646340,10007,-1,+,+,INV,42
8,121326152,121326740,8,125645936,125646403,10009,-1,+,+,INV,125
8,123145975,123146081,8,123249729,123249828,10222,-1,+,-,DEL,59
8,117251663,117251932,8,128931883,128931898,10308,-1,+,-,DEL,11
8,117049736,117050089,8,129096814,129097186,10321,-1,-,+,DUP,449
8,120275971,120275982,8,125611850,125611863,10437,-1,-,-,INV,14
8,121565730,121566037,8,123905679,123905847,10623,-1,+,-,DEL,14
8,108879049,108879129,8,133304599,133304927,12101,-1,-,-,INV,27
8,108876122,108876317,8,133211511,133211655,12141,-1,+,-,DEL,20
8,108045830,108046025,8,133456441,133456543,12196,-1,-,-,INV,22
8,119434555,119434619,8,121478470,121478695,12255,-1,-,+,DUP,60
8,120107191,120107439,8,120803428,120803893,12256,-1,-,-,INV,54
8,112573932,112574303,8,128227062,128227292,12283,-1,-,-,INV,133
8,119591590,119591614,8,121070697,121070983,12308,-1,+,-,DEL,15
8,117962418,117962426,8,122426176,122426177,12366,-1,+,+,INV,10
8,112542943,112543074,8,127797818,127798094,12372,-1,-,-,INV,103
8,112541612,112541950,8,127797818,127797979,12375,-1,-,-,INV,72
8,119978199,119978712,8,120334280,120334817,12381,-1,-,+,DUP,34
8,117777221,117777391,8,121551316,121551798,12530,-1,+,+,INV,51
8,118916108,118916568,8,119593292,119593456,12604,-1,-,-,INV,38
8,116747226,116747346,8,121079773,121079780,12673,-1,+,+,INV,25
8,116755747,116755866,8,121019346,121019611,12679,-1,-,-,INV,28
8,116683395,116683823,8,120981355,120981367,12692,-1,-,-,INV,12
8,116683203,116683683,8,120980552,120981008,12693,-1,-,+,DUP,301
8,116683590,116683868,8,120979866,120979909,12694,-1,-,-,INV,31
8,116538031,116538401,8,120598354,120598792,12755,-1,+,+,INV,236
8,118320686,118320760,8,118350506,118350570,12787,-1,+,-,DEL,13
8,114441771,114442223,8,121901734,121902339,12811,-1,+,-,DEL,43
8,117603243,117603753,8,118145325,118145759,12842,-1,+,-,DEL,60
8,114515325,114515480,8,120996980,120997139,12849,-1,-,+,DUP,11
8,117263988,117264199,8,118066350,118066498,12856,-1,+,-,DEL,59
8,115205743,115206227,8,118925787,118926095,12924,-1,+,+,INV,33
8,117028516,117029372,8,117062033,117062330,12936,-1,+,+,INV,454
8,112479918,112480451,8,117039082,117039279,13695,-1,+,-,DEL,15
8,114033530,114033976,8,114732226,114732910,13723,-1,+,-,DEL,14
8,92006765,92007269,8,132680875,132681786,14194,-1,+,+,INV,56
8,110040633,110041341,8,112707514,112707648,14207,-1,+,-,DEL,82
8,91936728,91937090,8,129962416,129962953,14210,-1,-,-,INV,12
8,109974495,109974618,8,110181065,110181391,14219,-1,+,-,DEL,20
8,92253542,92254246,8,126644897,126644999,14226,-1,+,+,INV,83
8,88904211,88904396,8,126479277,126479490,14232,-1,+,+,INV,30
8,88415824,88416213,8,126645901,126645937,14233,-1,-,+,DUP,20
8,88663990,88664038,8,125278188,125278610,14235,-1,+,-,DEL,16
8,89883327,89883482,8,121440726,121441130,14239,-1,+,+,INV,23
8,89881112,89881418,8,121440827,121441166,14241,-1,+,+,INV,32
8,79633112,79633436,8,131653913,131653998,14243,-1,+,+,INV,19
8,88474744,88475145,8,121980958,121981473,14244,-1,+,+,INV,68
8,89618088,89618503,8,120529854,120530812,14246,-1,-,+,DUP,75
8,79978000,79978662,8,129578137,129578500,14250,-1,-,-,INV,10
8,89905479,89905884,8,119365084,119365329,14251,-1,+,+,INV,49
8,87817541,87818258,8,121429584,121430183,14252,-1,-,-,INV,26
8,88557931,88558273,8,120497447,120497920,14255,-1,-,-,INV,95
8,88901151,88901936,8,120150809,120151512,14256,-1,+,-,DEL,18
8,88622695,88622822,8,120381347,120381745,14258,-1,-,+,DUP,26
8,91086309,91086692,8,117036765,117036789,14262,-1,-,+,DUP,11
8,81424549,81424871,8,126617345,126617580,14263,-1,-,+,DUP,23
8,88680405,88680916,8,118922861,118923196,14267,-1,-,+,DUP,32
8,78360863,78361335,8,128476693,128476721,14269,-1,+,-,DEL,25
8,88074191,88074251,8,118202707,118203283,14271,-1,+,+,INV,14
8,91532350,91532563,8,114464203,114464511,14273,-1,-,+,DUP,27
8,81753875,81754445,8,124101865,124102204,14274,-1,+,+,INV,19
8,78187690,78188075,8,127095706,127095798,14276,-1,+,+,INV,20
8,90944161,90944175,8,112053310,112053318,14277,-1,+,-,DEL,21
8,89689384,89689748,8,112813553,112814025,14280,-1,-,+,DUP,20
8,76991324,76991690,8,125473987,125474204,14281,-1,-,+,DUP,15
8,92549911,92550398,8,109780532,109781893,14282,-1,+,-,DEL,123
8,90439948,90439962,8,110270409,110271160,14283,-1,+,+,INV,29
8,86139362,86139665,8,114148435,114149194,14284,-1,+,-,DEL,34
8,81380210,81380352,8,118678893,118679868,14285,-1,-,-,INV,47
8,75032919,75033209,8,124761629,124762034,14287,-1,-,+,DUP,216
8,76021419,76021488,8,121562748,121563216,14292,-1,+,+,INV,19
8,81156857,81157315,8,115282071,115283021,14295,-1,-,-,INV,124
8,72257780,72257814,8,122911207,122911215,14299,-1,-,-,INV,16
8,72059062,72059217,8,122022980,122023432,14301,-1,+,-,DEL,21
8,81165679,81165683,8,112054856,112055393,14303,-1,+,-,DEL,32
8,72684757,72684860,8,116294364,116294518,14306,-1,-,-,INV,20
8,90793346,90793391,8,92135337,92135591,14370,-1,+,-,DEL,114
8,88841249,88841507,8,91086639,91086692,14619,-1,-,-,INV,11
8,88903045,88903125,8,91013786,91013907,14620,-1,+,-,DEL,18
8,88647957,88648545,8,91227351,91228044,14621,-1,+,+,INV,81
8,88646845,88647265,8,91227361,91228162,14623,-1,+,+,INV,207
8,88319315,88319566,8,89882386,89882434,14791,-1,+,-,DEL,61
8,88662832,88662899,8,89460430,89460434,14814,-1,-,+,DUP,10
8,88571517,88571744,8,89505510,89506006,14829,-1,+,+,INV,17
8,88571739,88571744,8,89504044,89504519,14830,-1,+,+,INV,27
8,81846508,81846961,8,90761256,90761888,15106,-1,-,-,INV,248
8,49508774,49509321,8,122706883,122707015,15110,-1,+,-,DEL,18
8,80375859,80376062,8,90902378,90902710,15113,-1,+,-,DEL,18
8,81852539,81852615,8,88643706,88643958,15116,-1,+,-,DEL,293
8,81154401,81154520,8,88661799,88661856,15125,-1,-,+,DUP,15
8,75355710,75356126,8,92167326,92167813,15128,-1,+,-,DEL,25
8,78068454,78068758,8,88744595,88744915,15130,-1,-,+,DUP,21
8,75493517,75493588,8,89594870,89595381,15134,-1,-,+,DUP,85
8,75174509,75174589,8,89206276,89206720,15135,-1,+,+,INV,278
8,72711465,72711697,8,91660787,91661222,15138,-1,-,-,INV,68
8,78257322,78257537,8,85935836,85935914,15139,-1,+,+,INV,11
8,72666361,72666436,8,90768203,90768348,15176,-1,+,+,INV,129
8,71230012,71230477,8,90767886,90768352,15486,-1,-,+,DUP,53
8,71811007,71811519,8,88943195,88943742,15598,-1,+,-,DEL,42
8,72060963,72061134,8,88646494,88646979,15604,-1,+,-,DEL,139
8,79295719,79296176,8,80239856,80240220,15679,-1,+,-,DEL,12
8,72409243,72409564,8,87083553,87083903,15680,-1,-,-,INV,114
8,72667701,72668642,8,81802299,81802532,15890,-1,-,+,DUP,506
8,71386051,71386535,8,81845273,81845734,15964,-1,+,-,DEL,82
8,75716444,75716661,8,76002060,76002278,16013,-1,+,-,DEL,134
8,69576479,69576576,8,81162555,81162669,16042,-1,-,-,INV,19
8,74608205,74608249,8,75042197,75042212,16130,-1,+,+,INV,42
8,74608200,74608257,8,75040723,75040884,16132,-1,+,-,DEL,18
8,71853312,71853458,8,77419072,77419314,16141,-1,-,-,INV,33
8,72711079,72711402,8,76002244,76003358,16154,-1,+,+,INV,298
8,72710822,72711192,8,75997259,75997931,16159,-1,+,+,INV,46
8,72667065,72667083,8,76002129,76002266,16163,-1,+,+,INV,27
8,72666954,72666997,8,72711090,72711345,16263,-1,-,+,DUP,28
8,71230441,71230878,8,72665870,72666169,16341,-1,-,-,INV,240
8,50812427,50812991,8,88866562,88866962,16631,-1,-,-,INV,25
8,32679919,32680172,8,32691093,32691313,16794,-1,+,-,DEL,29
8,24973015,24973247,8,24990940,24991181,16834,-1,+,-,DEL,23
9,24502069,24502561,9,24518996,24519102,17681,-1,+,-,DEL,10
9,8622472,8622625,9,8633545,8633691,17735,-1,+,-,DEL,15
10,71184263,71184351,10,71811584,71811654,18162,-1,-,-,INV,27
10,69575579,69575594,10,71410716,71410721,18175,-1,+,+,INV,23
10,66473720,66474325,10,69438707,69439055,18193,-1,+,-,DEL,24
10,61262007,61262086,10,73473727,73473919,18195,-1,+,-,DEL,26
10,60694093,60694401,10,72304666,72305115,18204,-1,-,+,DUP,23
10,61719885,61719899,10,61784556,61784614,18229,-1,+,-,DEL,16
10,58834844,58834849,10,58854665,58854935,18245,-1,+,+,INV,23
10,58244303,58244516,10,59000762,59000997,18248,-1,-,+,DUP,11
10,58077928,58078040,10,58835050,58835416,18250,-1,-,-,INV,12
10,57906019,57906464,10,58441124,58441341,18254,-1,-,+,DUP,14
10,57439812,57440074,10,58861239,58861879,18255,-1,-,-,INV,16
10,47654499,47654710,10,48359918,48360404,18319,-1,-,+,DUP,29
10,47023409,47023445,10,47059834,47059924,18326,-1,+,+,INV,98
10,47022881,47022961,10,47058924,47059298,18327,-1,-,-,INV,103
10,42383096,42383248,10,42397228,42397400,18340,-1,-,+,DUP,23
10,29795808,29796253,10,33278673,33278979,18369,-1,+,-,DEL,10
10,27182398,27182403,10,27644615,27644716,18398,-1,+,+,INV,13
10,27179282,27179497,10,27644555,27644935,18399,-1,-,-,INV,19
11,56465084,56465181,11,56475812,56476124,19184,-1,-,+,DUP,19
11,55443771,55444016,11,55457635,55457754,19190,-1,-,-,INV,10
11,55364554,55364795,11,55434498,55434518,19191,-1,+,+,INV,10
11,7811132,7811384,11,7833131,7833409,19426,-1,+,-,DEL,17
11,1936951,1937270,11,1961487,1961750,19479,-1,+,+,INV,37
11,1915233,1915333,11,1960783,1961104,19480,-1,-,-,INV,25
11,1915255,1915316,11,1936736,1936938,19481,-1,+,-,DEL,34
12,126996974,126997383,12,127019497,127020311,19709,-1,+,-,DEL,31
12,116120543,116120706,12,116137949,116137982,19764,-1,+,+,INV,17
12,108039299,108039340,12,109350628,109351831,19808,-1,+,-,DEL,16
12,98951748,98951994,12,99874919,99874971,19838,-1,+,-,DEL,11
12,98396481,98396903,12,98413592,98413744,19842,-1,-,+,DUP,15
12,59028851,59029068,12,70598285,70598963,20004,-1,-,+,DUP,11
12,59028977,59029294,12,70593904,70594309,20005,-1,+,-,DEL,16
12,10840112,10840398,12,12972067,12972263,20243,-1,+,-,DEL,12
12,164688,164861,12,2866259,2866269,20358,-1,-,-,INV,18
14,107023376,107023384,14,107243083,107243524,21100,-1,-,+,DUP,10
14,106483359,106483362,14,106777022,106777114,21112,-1,-,+,DUP,12
14,99897152,99897246,14,99989407,99989502,21173,-1,+,-,DEL,12
14,53106123,53106278,14,92485816,92486157,21356,-1,+,+,INV,60
14,57046266,57046274,14,84871485,84871678,21363,-1,+,-,DEL,18
14,68958850,68958876,14,68975111,68975150,21372,-1,-,-,INV,11
14,50158943,50159180,14,57977461,57977869,21434,-1,-,-,INV,46
14,38140836,38140860,14,38737889,38738023,21521,-1,-,+,DUP,16
15,47698806,47698815,15,47787168,47787283,21921,-1,+,-,DEL,12
16,68632573,68632634,16,68856074,68856147,22166,-1,+,-,DEL,15
16,34392104,34392130,16,34757737,34757803,22232,-1,+,+,INV,23
16,21594188,21594649,16,22710750,22710951,22281,-1,+,+,INV,12
17,66594375,66594536,17,66758158,66758610,22730,-1,+,-,DEL,66
17,26654051,26654220,17,75068120,75068255,22790,-1,-,+,DUP,37
17,48765474,48765504,17,49524582,49525318,22794,-1,-,+,DUP,15
17,29210606,29211147,17,60648249,60648256,22811,-1,+,-,DEL,30
17,41401191,41401550,17,41466832,41467273,22832,-1,+,+,INV,30
17,21254735,21254985,17,25337466,25337817,23330,-1,+,+,INV,11
18,44841454,44841860,18,54458455,54458608,23733,-1,-,-,INV,16
18,33240515,33240539,18,45546277,45546771,23760,-1,+,+,INV,12
18,6005885,6006361,18,6023410,6023413,23893,-1,-,+,DUP,27
20,55923041,55923687,20,57357466,57357556,24705,-1,+,-,DEL,11
20,49179961,49179974,20,56280169,56280221,24823,-1,+,+,INV,10
20,52271580,52271591,20,52866971,52867098,24834,-1,-,+,DUP,11
20,51105655,51106219,20,53331736,53332132,24851,-1,-,+,DUP,40
20,47506311,47506368,20,53267358,53267779,24920,-1,+,+,INV,16
20,44601306,44601501,20,53330933,53331105,24943,-1,-,-,INV,36
20,48642473,48642817,20,49167961,49168116,24944,-1,-,-,INV,11
20,47689219,47689340,20,47948642,47948727,24977,-1,+,-,DEL,24
20,42157515,42157544,20,51809400,51809515,24989,-1,-,-,INV,10
20,34115129,34115222,20,57537733,57537922,25008,-1,+,+,INV,52
20,42553338,42553434,20,47744156,47744316,25020,-1,+,-,DEL,35
20,35761960,35761961,20,53299284,53299649,25027,-1,-,-,INV,15
20,42203819,42204188,20,46799767,46799794,25028,-1,+,+,INV,12
20,34460903,34461066,20,51186474,51186578,25047,-1,+,-,DEL,29
20,34461839,34462585,20,47362252,47362538,25085,-1,+,-,DEL,16
20,33200395,33200418,20,48393493,48393681,25086,-1,-,+,DUP,10
20,33097188,33097377,20,48382897,48383142,25087,-1,+,-,DEL,13
20,35982005,35982196,20,45039421,45039468,25088,-1,-,+,DUP,12
20,34473950,34474342,20,41290539,41290923,25101,-1,-,-,INV,37
20,34474061,34474398,20,41280338,41280405,25102,-1,-,-,INV,13
20,36475684,36475728,20,36565172,36565728,25124,-1,-,+,DUP,16
20,23778709,23778918,20,48437046,48437164,25127,-1,-,-,INV,11
20,16227795,16227798,20,55906657,55906661,25128,-1,+,-,DEL,13
20,32954319,32954465,20,37597973,37598323,25134,-1,-,+,DUP,53
20,16877496,16878082,20,52798344,52798346,25141,-1,+,-,DEL,10
20,33093527,33093536,20,36492236,36492647,25143,-1,-,+,DUP,12
20,34216567,34216813,20,34460433,34460435,25144,-1,+,-,DEL,13
20,33505608,33505609,20,33818759,33818890,25150,-1,-,+,DUP,10
20,25536694,25536891,20,36140879,36140885,25174,-1,+,+,INV,19
20,25195724,25195734,20,36395126,36395593,25175,-1,-,-,INV,10
20,25463654,25463785,20,33823170,33823708,25182,-1,+,-,DEL,10
20,17313946,17314299,20,41325479,41325667,25184,-1,+,-,DEL,10
20,429778,430070,20,57369285,57369755,25185,-1,+,+,INV,11
20,19330397,19330760,20,35763696,35764065,25187,-1,+,+,INV,17
20,3053866,3053916,20,51817998,51818081,25188,-1,+,+,INV,13
20,213149,213168,20,44482762,44482804,25235,-1,+,-,DEL,11
20,12130159,12130613,20,22590496,22590651,25282,-1,-,-,INV,16
20,14965367,14965552,20,15128792,15129286,25314,-1,+,-,DEL,10
20,14798263,14798678,20,15256064,15256346,25315,-1,+,-,DEL,17
20,14423303,14423751,20,14611244,14611757,25322,-1,+,-,DEL,13
20,414592,414760,20,25332922,25333322,25331,-1,-,+,DUP,11
20,2801754,2801765,20,19060520,19060719,25352,-1,-,-,INV,11
22,50087311,50087334,22,50211855,50211908,25839,-1,-,+,DUP,16
22,46894451,46894678,22,47576361,47576396,25938,-1,+,-,DEL,25
X,155032876,155032912,X,155216913,155216915,26169,-1,-,+,DUP,14
X,155033480,155033519,X,155213445,155213447,26170,-1,+,-,DEL,14
X,154790033,154790448,X,154803135,154803272,26172,-1,+,-,DEL,25
X,148509912,148510239,X,148537470,148537606,26189,-1,+,-,DEL,16
X,115138158,115138358,X,115152496,115152949,26274,-1,+,-,DEL,15
X,90694247,90694437,X,103981994,103982490,26310,-1,-,+,DUP,25
X,74895080,74895356,X,78084044,78084259,26357,-1,+,+,INV,27
X,46810828,46811075,X,46830775,46831317,26447,-1,+,+,INV,46
X,46810393,46810785,X,46830418,46831441,26449,-1,-,-,INV,48
X,7178184,7178208,X,7406392,7406679,26596,-1,+,-,DEL,10
17,65445793,65445795,20,61039934,61040009,27053,-1,-,+,TRA,11
17,80759852,80759977,19,41472212,41472235,27054,-1,-,+,TRA,15
17,80759941,80759993,19,41470713,41470742,27055,-1,+,-,TRA,16
16,79864772,79865154,19,30393092,30393112,27059,-1,-,+,TRA,16
16,79864813,79864814,19,30388760,30389101,27060,-1,+,-,TRA,17
13,31418188,31419196,20,35025066,35025087,27072,-1,+,+,TRA,14
13,31416419,31416421,20,35024677,35024727,27074,-1,-,-,TRA,10
14,84871469,84871571,17,74803894,74803924,27075,-1,+,+,TRA,10
14,57212492,57212502,17,74807392,74807769,27077,-1,+,-,TRA,17
14,50256582,50256599,17,64042256,64042266,27078,-1,+,-,TRA,12
15,45755881,45756308,16,27150729,27150742,27079,-1,+,+,TRA,20
12,2830045,2830315,20,56771756,56771792,27082,-1,+,-,TRA,40
12,2828930,2829655,20,56771958,56771963,27083,-1,-,+,TRA,35
10,96851829,96851966,X,30790742,30790749,27086,-1,-,-,TRA,15
14,100394090,100394092,15,45753588,45754034,27089,-1,-,-,TRA,10
11,64363079,64363943,20,36823033,36823059,27090,-1,+,+,TRA,14
11,64361883,64362754,20,36822957,36822967,27091,-1,-,-,TRA,10
14,79723683,79723687,15,45753566,45754011,27093,-1,-,-,TRA,11
14,68974125,68974419,15,47697921,47698467,27094,-1,+,-,TRA,15
14,68958778,68958850,15,47705832,47705846,27095,-1,+,+,TRA,10
10,127940884,127940987,20,47078451,47078472,27097,-1,+,-,TRA,11
10,127939929,127940072,20,47078677,47078700,27098,-1,-,+,TRA,11
13,44069691,44069827,15,76555117,76555131,27099,-1,-,+,TRA,14
13,44069838,44069839,15,76550532,76550544,27100,-1,+,-,TRA,11
8,90190020,90190190,X,104469521,104469906,27103,-1,-,-,TRA,23
8,87627056,87627375,X,104471312,104471467,27104,-1,+,+,TRA,20
8,112372870,112373021,X,78701684,78701731,27105,-1,-,+,TRA,14
8,87386576,87386984,X,102225435,102225965,27106,-1,-,-,TRA,29
8,112376651,112376877,X,76792688,76792868,27107,-1,+,-,TRA,14
13,22299989,22299997,15,45755741,45756249,27108,-1,-,+,TRA,11
13,22300316,22300339,15,45753588,45754063,27109,-1,+,-,TRA,11
7,114667566,114668700,MT,8501,8841,27111,-1,+,+,TRA,52
7,114670546,114670822,MT,3203,3254,27112,-1,-,-,TRA,73
12,66451368,66451373,15,55218280,55218292,27116,-1,-,+,TRA,24
12,56990095,56990112,15,39994559,39994923,27117,-1,+,-,TRA,28
12,56989704,56989772,15,39994637,39994722,27118,-1,-,+,TRA,30
9,90375047,90375455,20,4082842,4082850,27119,-1,+,+,TRA,17
8,123536246,123536509,21,21812513,21812524,27122,-1,+,-,TRA,69
8,123534459,123534876,21,21812698,21812754,27123,-1,+,+,TRA,70
11,119519151,119519175,15,45755927,45756252,27125,-1,+,+,TRA,12
11,119518875,119518915,15,45753588,45754516,27126,-1,-,-,TRA,15
10,80478166,80478200,16,61536321,61536695,27130,-1,-,+,TRA,15
8,130560518,130560568,19,20019780,20020190,27133,-1,+,-,TRA,11
7,152098106,152098436,21,11097229,11097564,27135,-1,-,+,TRA,90
7,73382279,73382317,22,37269219,37269968,27136,-1,+,+,TRA,17
7,73381967,73382032,22,37268450,37268482,27137,-1,-,-,TRA,16
11,61841738,61841847,14,81786739,81786777,27138,-1,+,-,TRA,20
11,61841639,61841644,14,81786600,81786799,27139,-1,-,+,TRA,16
8,77263839,77264215,19,14771205,14771545,27140,-1,-,-,TRA,14
7,107410714,107410720,20,32815935,32815935,27142,-1,+,-,TRA,20
8,121542052,121542446,17,76745698,76745944,27144,-1,-,-,TRA,71
7,1916572,1916589,22,23776164,23776299,27145,-1,+,+,TRA,22
7,1916571,1917040,22,23770658,23770716,27146,-1,-,-,TRA,27
8,128353289,128353289,17,66249935,66250103,27147,-1,-,+,TRA,14
8,124819297,124819627,17,65285946,65286356,27148,-1,-,-,TRA,19
8,123907297,123907760,17,64043734,64043787,27149,-1,+,+,TRA,12
8,125549087,125549585,17,38067298,38067763,27150,-1,-,+,TRA,212
8,121550935,121551369,17,37276403,37278275,27152,-1,-,-,TRA,359
8,117988993,117989373,17,40572076,40572259,27154,-1,-,+,TRA,67
8,92439167,92439344,17,65757891,65757981,27155,-1,+,+,TRA,33
8,78454848,78454903,17,78166115,78166121,27156,-1,+,+,TRA,65
8,80086534,80087187,17,39541864,39543274,27159,-1,+,+,TRA,101
8,79475349,79475633,17,38474360,38474422,27161,-1,-,+,TRA,107
5,159349717,159349717,X,66982769,66982827,27166,-1,-,+,TRA,10
6,24683894,24684231,22,32928552,32928563,27171,-1,-,+,TRA,22
6,24683713,24684004,22,32927831,32927887,27172,-1,+,-,TRA,25
8,115855527,115856622,14,85492895,85492928,27176,-1,-,-,TRA,45
8,115501354,115501743,14,84882548,84883085,27179,-1,-,+,TRA,15
8,131390643,131390651,14,57066829,57066849,27182,-1,+,+,TRA,15
8,121676955,121677292,14,58503201,58503646,27183,-1,-,+,TRA,41
8,112924526,112925099,14,64163563,64163625,27184,-1,+,+,TRA,17
8,115856529,115856756,14,57046309,57046436,27185,-1,+,-,TRA,27
9,121396659,121396733,13,20204944,20205430,27186,-1,+,+,TRA,11
4,186160921,186160933,22,49425456,49425460,27189,-1,-,-,TRA,10
8,115851158,115851666,14,45993931,45994507,27190,-1,-,+,TRA,15
8,91703636,91704099,14,64434781,64434862,27191,-1,-,-,TRA,20
8,91944006,91944008,14,58569778,58569879,27193,-1,-,-,TRA,19
8,92417869,92418131,14,51282428,51282896,27194,-1,-,+,TRA,23
8,83499034,83499173,14,57066895,57067202,27195,-1,-,-,TRA,44
8,79165253,79165574,14,52222636,52223135,27197,-1,+,-,TRA,34
7,107410720,107410720,15,55218228,55218229,27198,-1,+,-,TRA,21
8,119611727,119611832,13,95080868,95081395,27199,-1,+,-,TRA,28
9,97911305,97911307,11,92876362,92876364,27210,-1,-,+,TRA,14
9,97911285,97911357,11,92875698,92875749,27211,-1,+,-,TRA,16
6,116774818,116775192,15,40854169,40854184,27212,-1,+,-,TRA,40
6,116772900,116773041,15,40853955,40854534,27213,-1,-,+,TRA,35
3,105794676,105794706,X,26922371,26922786,27214,-1,+,+,TRA,23
3,105791343,105791573,X,26922209,26922361,27215,-1,-,-,TRA,21
6,382461,382608,16,33428531,33428584,27216,-1,+,+,TRA,16
9,35884430,35884434,11,81872547,81872701,27221,-1,+,-,TRA,15
3,152412704,152412741,21,34693638,34693680,27222,-1,+,-,TRA,10
7,57604691,57605147,13,63648634,63649339,27230,-1,-,+,TRA,26
2,33892483,33892529,MT,15019,15026,27232,-1,+,+,TRA,14
2,33892415,33892482,MT,14494,14777,27233,-1,-,-,TRA,15
7,107410719,107410720,12,66451372,66451374,27237,-1,+,-,TRA,87
8,52732113,52732207,11,38812406,38812658,27241,-1,+,-,TRA,33
8,52729862,52730143,11,38812669,38813238,27243,-1,-,+,TRA,32
7,98817247,98817525,12,2828936,2829350,27245,-1,-,-,TRA,10
4,179874402,179874419,15,45755939,45756258,27246,-1,-,+,TRA,11
7,132848674,132849147,10,66518000,66518383,27251,-1,-,+,TRA,26
4,170280634,170280998,14,52667764,52667834,27252,-1,-,+,TRA,38
3,73159716,73159727,17,41465636,41465648,27254,-1,-,-,TRA,13
7,81789156,81789378,10,60902930,60903020,27256,-1,+,+,TRA,30
7,81789106,81789199,10,60902406,60902412,27257,-1,-,-,TRA,31
2,132135067,132135479,18,73216559,73216759,27258,-1,-,-,TRA,11
7,6206525,6206701,10,58374882,58375183,27263,-1,-,+,TRA,20
6,2920041,2920186,10,101600202,101600209,27269,-1,+,+,TRA,10
6,2920156,2920157,10,101597187,101597544,27270,-1,-,-,TRA,11
5,12946,13386,11,134946284,134946521,27271,-1,+,+,TRA,12
5,141379502,141379675,10,101600552,101600567,27275,-1,-,+,TRA,18
5,141379668,141379670,10,101596732,101596732,27276,-1,+,-,TRA,13
2,156528077,156528083,14,104981235,104981236,27279,-1,+,-,TRA,11
2,105441180,105441192,15,45756183,45756296,27280,-1,+,+,TRA,10
5,140941927,140941937,9,123259348,123259357,27288,-1,-,+,TRA,11
2,64602706,64602715,15,45755504,45756299,27291,-1,-,+,TRA,11
2,64603438,64603460,15,45753537,45753811,27292,-1,+,-,TRA,11
3,155027196,155027306,12,64215060,64215482,27294,-1,-,-,TRA,10
2,10539265,10539335,15,45755831,45756374,27301,-1,-,+,TRA,15
2,10539732,10539735,15,45753532,45753968,27302,-1,+,-,TRA,15
5,158451316,158451381,8,137330985,137331021,27306,-1,+,+,TRA,20
5,157890280,157890489,8,137102859,137103068,27307,-1,-,+,TRA,12
5,154452483,154452900,8,137493947,137494048,27310,-1,-,-,TRA,11
5,158440137,158440697,8,133456245,133456514,27311,-1,+,+,TRA,26
5,154748359,154748383,8,133440567,133440593,27313,-1,+,+,TRA,22
5,148118088,148118360,8,137102838,137103246,27314,-1,-,-,TRA,27
5,148006739,148006757,8,137141977,137142345,27315,-1,-,-,TRA,23
5,147963801,147963860,8,137116850,137116913,27316,-1,+,+,TRA,15
5,147859684,147859933,8,137092729,137092859,27317,-1,-,-,TRA,18
5,147797032,147797274,8,137097040,137097398,27318,-1,-,+,TRA,19
5,148135234,148135465,8,133436069,133436094,27319,-1,-,-,TRA,16
5,147831509,147831602,8,133497321,133497784,27320,-1,+,-,TRA,13
5,147796404,147796411,8,132779348,132779690,27321,-1,+,+,TRA,18
5,157704506,157705005,8,109779887,109780234,27322,-1,-,+,TRA,15
5,158292717,158293100,8,108889960,108890167,27323,-1,+,+,TRA,19
5,158323178,158323407,8,104706224,104706232,27324,-1,-,-,TRA,23
5,157757984,157758099,8,104704082,104704279,27325,-1,+,+,TRA,27
5,157708788,157708870,8,104706715,104706729,27326,-1,-,+,TRA,21
5,154452564,154452979,8,104658426,104658727,27327,-1,+,+,TRA,27
5,147831745,147831852,8,108045139,108045234,27328,-1,-,+,TRA,20
5,154292927,154292931,8,98642133,98642304,27329,-1,+,-,TRA,25
5,148005536,148005640,8,92562287,92562382,27330,-1,-,+,TRA,20
1,45963178,45963267,16,47035203,47035209,27331,-1,-,+,TRA,11
1,45963509,45963598,16,47033045,47033050,27332,-1,+,-,TRA,11
2,133120072,133120373,13,19641604,19641665,27333,-1,+,-,TRA,17
1,119401194,119401196,15,51189229,51189243,27334,-1,+,-,TRA,12
1,119400505,119400527,15,51189258,51189363,27335,-1,-,+,TRA,12
1,9121368,9121677,14,93713179,93713677,27337,-1,+,+,TRA,25
1,9121125,9121664,14,93712480,93712485,27338,-1,-,-,TRA,27
4,120799477,120800006,8,43699026,43699558,27345,-1,+,+,TRA,19
5,43088960,43088966,7,80543733,80543753,27346,-1,+,+,TRA,11
4,181878265,181878265,7,108325676,108326072,27349,-1,+,+,TRA,14
4,181876823,181876838,7,108325660,108325661,27350,-1,-,-,TRA,11
3,172729124,172729513,8,123452726,123453260,27351,-1,+,-,TRA,40
4,91966935,91967108,7,141284254,141284595,27355,-1,-,+,TRA,14
4,91966892,91967312,7,141277865,141277907,27356,-1,+,-,TRA,13
3,111275059,111275130,8,128533834,128534444,27358,-1,+,+,TRA,171
3,111274015,111274260,8,128533293,128534216,27360,-1,-,-,TRA,179
3,141362860,141362878,8,89804895,89805305,27362,-1,-,+,TRA,31
1,151574126,151574218,12,4742915,4742969,27364,-1,+,+,TRA,15
1,151571569,151571873,12,4742901,4742907,27365,-1,-,-,TRA,14
5,21573437,21574218,6,57575919,57576720,27370,-1,+,+,TRA,34
2,78969345,78969400,9,130900667,130900678,27372,-1,-,+,TRA,15
3,13551521,13551884,8,88652812,88653194,27373,-1,-,-,TRA,21
2,209574792,209575239,8,57984570,57984610,27377,-1,+,-,TRA,12
3,187728894,187729025,6,93097206,93097263,27386,-1,+,+,TRA,16
3,187728719,187728890,6,93096497,93096666,27387,-1,-,-,TRA,19
3,150539888,150540120,6,101194044,101194050,27391,-1,+,+,TRA,16
3,186700630,186700632,6,56760946,56760947,27393,-1,-,+,TRA,11
3,186700649,186700652,6,56758378,56758384,27394,-1,+,-,TRA,14
1,16329334,16329608,9,114404934,114404944,27397,-1,-,+,TRA,10
1,16329349,16329353,9,114402067,114402180,27398,-1,+,-,TRA,11
1,168420836,168420929,8,30105890,30105946,27402,-1,-,+,TRA,41
1,168420940,168421147,8,30103400,30104129,27403,-1,+,-,TRA,32
3,151148450,151148543,5,39787684,39787751,27406,-1,-,-,TRA,14
2,132135486,132135529,6,120516638,120517010,27407,-1,+,-,TRA,14
3,48251894,48251901,5,141379505,141379654,27409,-1,-,-,TRA,10
1,229354400,229354627,5,137884680,137884953,27417,-1,+,-,TRA,22
2,42052605,42052677,4,66413619,66413928,27422,-1,+,-,TRA,34
2,42050432,42051287,4,66413898,66414335,27423,-1,-,+,TRA,15
2,5163601,5163751,3,38126099,38126111,27427,-1,+,+,TRA,11
1,95423019,95423080,3,169201808,169201816,27429,-1,-,+,TRA,14
1,95423049,95423050,3,169201402,169201404,27430,-1,+,-,TRA,12
1,109495133,109495141,3,110413393,110413395,27431,-1,+,-,TRA,14
1,109494679,109494860,3,110413357,110413395,27432,-1,-,+,TRA,14
1,59097007,59097289,2,32048386,32048816,27436,-1,+,-,TRA,19
